[
    {
        "category": "action",
        "id": "action-id",
        "always": "yes",
        "description": "The name of the action (get, create)",
        "dataType": "string",
        "xml": "urn:oasis:names:tc:xacml:1.0:action:action-id"
    },
    {
        "cgoatery": "resource",
        "id": "resource-id",
        "always": "yes",
        "description": "Also known as the key tag. The unique identifier for the key being requested or created.",
        "dataType": "string",
        "xml": "urn:oasis:names:tc:xacml:1.0:resource:resource-id"
    },
    {
        "category": "resource",
        "id": "created-dateTime",
        "always": "yes",
        "description": "Also known as the data protected time. The date and time that the key was created.",
        "dataType": "dateTime",
        "xml": "urn:ionic:names:dp:xacml:1.0:resource:created-dateTime"
    },
    {
        "category": "resource",
        "id": "created-user-id",
        "always": "yes",
        "description": "The ionic user ID (24-characters) that created the key used to protect the data.",
        "dataType": "string",
        "xml": "urn:ionic:names:dp:xacml:1.0:resource:created-user-id"
    },
    {
        "category": "resource",
        "id": "created-external-id",
        "always": "yes",
        "description": "If provided by the customer, the external-id for the user that created the key. This is an optional unique identifier that is defined in the customer's identity environment, as opposed to the unique ID defined by Ionic (created-user-id)",
        "dataType": "string",
        "xml": "urn:ionic:names:dp:xacml:1.0:resource:created-external-id"
    },
    {
        "category": "resource",
        "id": "created-device-id",
        "always": "yes",
        "description": "The ionic device identifier generated upon successful registration of an ionic plugin.For example, 'NYMy.-.f0367499-eed1-4671-87ab-3bea1a27979f'",
        "dataType": "string",
        "xml": "urn:ionic:names:dp:xacml:1.0:resource:created-device-id"
    },
    {
        "category": "resource",
        "id": "created-group",
        "always": "yes",
        "description": "Zero-or-more 24-character ionic IDs for the groups assigned to the user that created the key, at the time the key was created.",
        "dataType": "string",
        "xml": "urn:ionic:names:dp:xacml:1.0:resource:created-group"
    },
    {
        "category": "resource",
        "id": "created-group-external-id",
        "always": "yes",
        "description": "Zero-or-more customer-defined unique identifiers for the groups assigned to the user that created the key, at the time the key was created. This is an optional unique identifier that is defined in the customer's identity environment, as opposed to the unique ID defined by Ionic (created-group)",
        "dataType": "string",
        "xml": "urn:ionic:names:dp:xacml:1.0:resource:created-group-external-id"
    },
    {
        "category": "resource",
        "id": "created-group-name",
        "always": "yes",
        "description": "The names of the groups assigned to the user that created the key, at the time the key was created.",
        "dataType": "string",
        "xml": "urn:ionic:names:dp:xacml:1.0:created-group-name"
    },
    {
        "category": "resource",
        "id": "created-role",
        "always": "yes",
        "description": "Zero-or-more role names assigned to the user that created the key, at the time the key was created.",
        "dataType": "string",
        "xml": "urn:ionic:names:dp:xacml:1.0:created-role"
    },
    {
        "category": "resource",
        "id": "ionic-saved-from",
        "always": "no",
        "description": "This attribute may be provided by clients to establish data lineage. It represents the key tag of the original data that this key was derived from. This is commonly used when a previously protected file is re-saved after being edited.",
        "dataType": "string",
        "xml": "urn:ionic:names:dp:xacml:1.0:resource:ionic-saved-from"
    },
    {
        "category": "resource",
        "id": "ionic-domain",
        "always": "no",
        "description": "When data is encrypted by a browser plugin, tcategohe domain name of the web site where the content was created is stored in this field.",
        "dataType": "string",
        "xml": "urn:ionic:names:dp:xacml:1.0:resource:ionic-domain"
    },
    {
        "category": "resource",
        "id": "created-ipAddress",
        "always": "yes",
        "description": "The external IP Address for the device that created the key, at the time the key was created.",
        "dataType": "ipAddress",
        "xml": "urn:ionic:names:dp:xacml:1.0:resource:created-ipAddress"
    },
    {
        "category": "resource",
        "id": "created-location-city",
        "always": "yes",
        "description": "The name of the city that the device was geo-located in when the key was created.",
        "dataType": "string",
        "xml": "urn:ionic:names:dp:xacml:1.0:resource:created-location-city"
    },
    {
        "category": "resource",
        "id": "created-location-country",
        "always": "yes",
        "description": "The ISO3 abbreviation for the country that the device was geo-located in when the key was created.",
        "dataType": "string",
        "xml": "urn:ionic:names:dp:xacml:1.0:resource:created-location-country"
    },
    {
        "category": "resource",
        "id": "created-location-latitude",
        "always": "yes",
        "description": "The latitude for the geo-location that the device was in when the key wsa created. Reported as a numeric value number of degrees,to 4 decimal-places",
        "dataType": "double",
        "xml": "urn:ionic:names:dp:xacml:1.0:resource:created-location-latitude"
    },
    {
        "category": "resource",
        "id": "created-location-longitude",
        "always": "yes",
        "description": "The longitude for the geo-location that the device was in when the key wsa created. Reported as a numeric value number of degrees,to 4 decimal-places",
        "dataType": "double",
        "xml": "urn:ionic:names:dp:xacml:1.0:resource:created-location-longitude"
    },
    {
        "category": "resource",
        "id": "created-location-postalCode",
        "always": "yes",
        "description": "The postal or ZIP code for the geo-location that the device was in when the key was created.",
        "dataType": "string",
        "xml": "urn:ionic:names:dp:xacml:1.0:resource:created-location-postalCode"
    },
    {
        "category": "resource",
        "id": "created-location-region",
        "always": "yes",
        "description": "The region name (not abbreviation) for the geo-location that the device was in when the key was created. For example, in the United States, this is the name of the state.",
        "dataType": "string",
        "xml": "urn:ionic:names:dp:xacml:1.0:resource:created-location-region"
    },
    {
        "category": "resource",
        "id": "created-timezone",
        "always": "yes",
        "description": "The timezone designator for the geo-location that the device was in when the key was created. For example, 'America/New_York'. These are generally the TZ strings defined in the  IANA (Internet Assigned Numbers Authority) time zone database.",
        "dataType": "string",
        "xml": "urn:ionic:names:dp:xacml:1.0:resource:created-timezone"
    },
    {
        "category": "resource",
        "id": "ionic-has-marking",
        "always": "yes",
        "description": "A true/false field that is true if the intersection of resource:ionic-cattr-ids and environment:ionic-marking-ids is non-empty",
        "dataType": "boolean",
        "xml": "urn:ionic:names:dp:xacml:1.0:resource:ionic-has-marking"
    },
    {
        "category": "resource",
        "id": "ionic-cattr-ids",
        "always": "yes",
        "description": "set of resource attribute ids that were provided by the client when creating the key",
        "dataType": "string",
        "xml": "urn:ionic:names:dp:xacml:1.0:resource:ionic-cattr-ids"
    },
    {
        "category": "resource",
        "id": "ionic-embargo",
        "always": "no",
        "description": "DateTime before which access is not permitted.",
        "dataType": "dateTime",
        "xml": "urn:ionic:names:dp:xacml:1.0:resource:ionic-embargo"
    },
    {
        "category": "resource",
        "id": "ionic-expiration",
        "always": "no",
        "description": "DateTime after which access is not permitted.",
        "dataType": "dateTime",
        "xml": "urn:ionic:names:dp:xacml:1.0:resource:ionic-expiration"
    },
    {
        "category": "subject",
        "id": "subject-id",
        "always": "yes",
        "description": "The ionic user identifer (24-character string) for the user that is making the key request.",
        "dataType": "string",
        "xml": "urn:oasis:names:tc:xacml:1.0:subject:subject-id"
    },
    {
        "category": "subject",
        "id": "external-id",
        "always": "yes",
        "description": "If provided by the customer, the external-id for the user that is making the key request the key. This is an optional unique identifier that is defined in the customer's identity environment, as opposed to the unique ID defined by Ionic (subject-id)",
        "dataType": "string",
        "xml": "urn:ionic:names:dp:xacml:1.0:subject:external-id"
    },
    {
        "category": "subject",
        "id": "email",
        "always": "yes",
        "description": "The email address for the user that is making the key request.",
        "dataType": "string",
        "xml": "urn:ionic:names:dp:xacml:1.0:subject:email"
    },
    {
        "category": "subject",
        "id": "group",
        "always": "yes",
        "description": "Zero-or-more 24-character ionic IDs for the groups assigned to the user that is making the key request.",
        "dataType": "string",
        "xml": "urn:oasis:names:tc:xacml:1.0:subject:group"
    },
    {
        "category": "subject",
        "id": "group-name",
        "always": "yes",
        "description": "The names of the groups assigned to the user that created the key, at the time the key was created.",
        "dataType": "string",
        "xml": "urn:ionic:names:dp:xacml:1.0:subject:group-name"
    },
    {
        "category": "subject",
        "id": "group-external-id",
        "always": "yes",
        "description": "Zero-or-more customer-defined unique identifiers for the groups assigned to the user that is making the key request. This is an optional unique identifier that is defined in the customer's identity environment, as opposed to the unique ID defined by Ionic (group)",
        "dataType": "string",
        "xml": "urn:ionic:names:dp:xacml:1.0:subject:group-external-id"
    },
    {
        "category": "subject",
        "id": "role",
        "always": "yes",
        "description": "Zero-or-more role names assigned to the user that is making the key request.",
        "dataType": "string",
        "xml": "urn:oasis:names:tc:xacml:2.0:subject:role"
    },
    {
        "category": "environment",
        "id": "device-id",
        "always": "yes",
        "description": "The ionic device identifier for the device that is making the key request. This ID is generated upon successful registration of an ionic plugin. For example, 'NYMy.-.f0367499-eed1-4671-87ab-3bea1a27979f'",
        "dataType": "string",
        "xml": "urn:ionic:names:dp:xacml:1.0:environment:device:device-id"
    },
    {
        "category": "environment",
        "id": "ionic-application-name",
        "always": "no",
        "description": "The ionic-application-name is intened to provide a more specific definition than the ionic-client-type for the specific client application that is being used to encrypt or decrypt content. Examples are Word, Excel, IE, Chrome",
        "dataType": "string",
        "xml": "urn:ionic:names:dp:xacml:1.0:environment:ionic-application-name"
    },
    {
        "category": "environment",
        "id": "ionic-application-version",
        "always": "no",
        "description": "Optional version string associated with the ionic-application-name that is provided by the ionic-enabled client application.",
        "dataType": "string",
        "xml": "urn:ionic:names:dp:xacml:1.0:environment:ionic-application-version"
    },
    {
        "category": "environment",
        "id": "ionic-client-type",
        "always": "no",
        "description": "Optional name provided by an ionic-enabled plugin. Examples are Browser, Office, Mobile.",
        "dataType": "string",
        "xml": "urn:ionic:names:dp:xacml:1.0:environment:ionic-client-type"
    },
    {
        "category": "environment",
        "id": "ionic-client-version",
        "always": "no",
        "description": "Optional version string associated with the ionic-client-type that is provided by the ionic-enabled client application.",
        "dataType": "string",
        "xml": "urn:ionic:names:dp:xacml:1.0:environment:ionic-clieint-version"
    },
    {
        "category": "environment",
        "id": "ionic-os-name",
        "always": "yes",
        "description": "The name of the operating system. Examples are: Windows, Android, Linux, iOS, OSX, PNaCl",
        "dataType": "string",
        "xml": "urn:ionic:names:dp:xacml:1.0:environment:ionic-os-name"
    },
    {
        "category": "environment",
        "id": "ionic-os-version",
        "always": "yes",
        "description": "The version of the operating system defined by ionic-os-name",
        "dataType": "string",
        "xml": "urn:ionic:names:dp:xacml:1.0:environment:ionic-os-version"
    },
    {
        "category": "environment",
        "id": "ipAddress",
        "always": "yes",
        "description": "The external IP Address for the device that is making the key request.",
        "dataType": "ipAddress",
        "xml": "urn:ionic:names:dp:xacml:1.0:environment:ipAddress"
    },
    {
        "category": "environment",
        "id": "location-city",
        "always": "yes",
        "description": "The name of the city in which that the device that is making the key request is currently geo-located.",
        "dataType": "string",
        "xml": "urn:ionic:names:dp:xacml:1.0:environment:location-city"
    },
    {
        "category": "environment",
        "id": "location-country",
        "always": "yes",
        "description": "The ISO3 abbreviation for the country in which that the device that is making the key request is currently geo-located.",
        "dataType": "string",
        "xml": "urn:ionic:names:dp:xacml:1.0:environment:location-country"
    },
    {
        "category": "environment",
        "id": "location-latitude",
        "always": "yes",
        "description": "The latitude for the geo-location in which that the device that is making the key request is currently geo-located. Reported as a numeric value number of degrees,to 4 decimal-places",
        "dataType": "double",
        "xml": "urn:ionic:names:dp:xacml:1.0:environment:location-latitude"
    },
    {
        "category": "environment",
        "id": "location-longitude",
        "always": "yes",
        "description": "The longitude for the geo-location in which that the device that is making the key request is currently geo-located. Reported as a numeric value number of degrees,to 4 decimal-places",
        "dataType": "double",
        "xml": "urn:ionic:names:dp:xacml:1.0:environment:location-longitude"
    },
    {
        "category": "environment",
        "id": "location-postalCode",
        "always": "yes",
        "description": "The postal or ZIP code in which that the device that is making the key request is currently geo-located.",
        "dataType": "string",
        "xml": "urn:ionic:names:dp:xacml:1.0:environment:location-postalCode"
    },
    {
        "category": "environment",
        "id": "location-region",
        "always": "yes",
        "description": "The region name (not abbreviation) in which that the device that is making the key request is currently geo-located. For example, in the United States, this is the name of the state.",
        "dataType": "string",
        "xml": "urn:ionic:names:dp:xacml:1.0:environment:location-region"
    },
    {
        "category": "environment",
        "id": "timezone",
        "always": "yes",
        "description": "The timezone designator in which that the device that is making the key request is currently geo-located. For example, 'America/New_York'. These are generally the TZ strings defined in the  IANA (Internet Assigned Numbers Authority) time zone database.",
        "dataType": "string",
        "xml": "urn:ionic:names:dp:xacml:1.0:environment:timezone"
    },
    {
        "category": "environment",
        "id": "current-dateTime",
        "always": "yes",
        "description": "The current date and time for the request being performed",
        "dataType": "dateTime",
        "xml": "urn:oasis:names:tc:xacml:1.0:environment:current-dateTime"
    },
    {
        "category": "environment",
        "id": "current-date",
        "always": "yes",
        "description": "Implicit attribute derived from current-dateTime, with dataType=date",
        "dataType": "date",
        "xml": "urn:oasis:names:tc:xacml:1.0:environment:current-date"
    },
    {
        "category": "environment",
        "id": "current-time",
        "always": "yes",
        "description": "Implicit attribute derived from current-dateTime, with dataType=time",
        "dataType": "time",
        "xml": "urn:oasis:names:tc:xacml:1.0:environment:current-time "
    },
    {
        "category": "environment",
        "id": "ionic-marking-ids",
        "always": "yes",
        "description": "Set of customer-configured marking names that are used to determine if the data is considered marked/classified or not",
        "dataType": "string",
        "xml": "urn:ionic:names:dp:xacml:1.0:environment:ionic-marking-ids"
    }
]